SPLwHe_obj_loss,norm_all,BPLwHe_obj_loss,norm_all,SPLwHe_norm,BPLwHe_norm,SPLwHe_gamma1,BPLwHe_gamma1,SPLwHe_gamma2,BPLwHe_gamma2,SPLwHe_e_break,BPLwHe_e_break
168.540705,0.010881,2.945092,2.830083,2.548824,332.682863,168.614525,0.010884,2.006283,2.828554,2.720961,336.097420
174.417128,0.010855,2.877558,2.852833,2.599248,320.158056,174.477194,0.010857,1.983285,2.822933,2.758274,340.636966
