,altitude_km,energy_gev,nadir,phi_earth,phi_lat,rocking_angle,shifted_nadir,shifted_zenith,theta_lat,time,zenith
0,545.8982991239412,14.2226328125,77.65238952636719,176.7423858642578,244.50282287597656,-34.99583053588867,77.56584363788235,102.43415636211765,69.60324096679688,262770157.71522948,102.34761047363281
1,557.9094753950916,251.508296875,75.6201171875,19.379695892333984,258.57183837890625,34.999977111816406,75.78700711833643,104.21299288166357,69.51593017578125,262835551.42293373,104.3798828125
2,550.7742451756399,13.66248828125,76.80106353759766,174.4502410888672,240.019775390625,-34.99712371826172,76.81740011080366,103.18259988919634,68.9759521484375,262862259.67357948,103.19893646240234
3,562.5625479708368,12.8822666015625,79.1360855102539,14.448718070983887,214.38829040527344,35.00318908691406,79.40115527243856,100.59884472756144,65.86715698242188,262869201.16044518,100.8639144897461
4,547.0530211796363,148.151765625,78.93199157714844,338.1538391113281,116.81825256347656,34.99919891357422,78.86981032403877,101.13018967596123,66.14847564697266,262936634.59586003,101.06800842285156
5,540.0666913378063,16.308216796875,76.28206634521484,148.1367950439453,292.9049072265625,-34.99750900268555,76.07247353244256,103.92752646755744,68.86786651611328,263044916.81096154,103.71793365478516
6,539.4122230046694,11.0207890625,78.24352264404297,163.82614135742188,279.4745788574219,-34.998741149902344,78.02012054944149,101.97987945055851,67.11641693115234,263251273.27678418,101.75647735595703
