,altitude_km,energy_gev,nadir,phi_earth,phi_lat,rocking_angle,shifted_nadir,shifted_zenith,theta_lat,time,zenith
0,541.2665311885795,10.4799951171875,77.86563110351562,191.35903930664062,137.87173461914062,-35.001487731933594,77.68135491159465,102.31864508840535,67.68306732177734,267017311.51438308,102.13436889648438
1,552.5164161829834,12.2513466796875,79.59823608398438,222.34280395507812,48.55958938598633,-34.99687194824219,79.65133246544532,100.34866753455468,68.31668853759766,267024329.00744393,100.40176391601562
2,563.2296981530513,14.7408623046875,75.87173461914062,181.14947509765625,43.45914840698242,-34.997032165527344,76.15088125017,103.84911874983,69.19266510009766,267219911.10500905,104.12826538085938
3,560.4213756741583,15.103990234375,75.87248992919922,159.01080322265625,267.8280944824219,-34.9994010925293,76.09238095592396,103.90761904407604,69.09449005126953,267370932.4628832,104.12751007080078
4,541.8905799991625,57.46148046875,76.51127624511719,17.256385803222656,252.70526123046875,34.998291015625,76.34016748309952,103.65983251690048,68.80874633789062,267516403.37991923,103.48872375488281
5,557.509504318217,20.7450625,78.1004409790039,173.65887451171875,275.8761291503906,-34.99641799926758,78.25889152011828,101.74110847988172,68.76030731201172,267519261.63194066,101.8995590209961
