,altitude_km,energy_gev,nadir,phi_earth,phi_lat,rocking_angle,shifted_nadir,shifted_zenith,theta_lat,time,zenith
0,548.4445435480394,28.28272265625,68.6009750366211,174.98004150390625,179.8302764892578,-44.54730224609375,68.56815490548472,111.43184509451528,67.64940643310547,258858565.23013893,111.3990249633789
1,549.3423070847027,10.093126953125,68.56317901611328,182.1799774169922,186.4906005859375,-43.821659088134766,68.5493016956005,111.4506983043995,67.58686828613281,258892938.58438385,111.43682098388672
2,567.7467540679709,42.204640625,68.03435516357422,357.6604309082031,353.4644775390625,43.89254379272461,68.4088116744084,111.5911883255916,68.08057403564453,258895804.84149954,111.96564483642578
3,567.6830608924573,24.284435546875,68.21366882324219,342.6789855957031,4.120894908905029,43.28992462158203,68.58678140807304,111.41321859192696,68.94735717773438,258907264.24699658,111.78633117675781
4,549.0520789099728,10.4027978515625,68.86774444580078,189.6779327392578,183.0112762451172,-42.31909942626953,68.8477433108012,111.1522566891988,68.63921356201172,258961792.3905268,111.13225555419922
5,566.3183162514425,22.587875,68.34977722167969,359.6391906738281,345.29815673828125,42.14736557006836,68.69409369458512,111.30590630541488,69.88449096679688,258976126.3778351,111.65022277832031
6,547.76616190038,13.959880859375,68.4210433959961,190.8690185546875,173.2584991455078,-41.661190032958984,68.37390941209411,111.62609058790589,69.96905517578125,258996268.37963557,111.5789566040039
7,544.0035103625216,125.2884921875,79.9249267578125,20.17827606201172,251.27294921875,34.99705123901367,79.7984008264617,100.2015991735383,65.14910888671875,259037765.06210914,100.0750732421875
8,559.8341783361434,10.387890625,77.80194854736328,159.92515563964844,304.9069519042969,-34.99387741088867,78.00944971025591,101.99055028974409,67.29339599609375,259086016.34579766,102.19805145263672
