,altitude_km,energy_gev,nadir,phi_earth,phi_lat,rocking_angle,shifted_nadir,shifted_zenith,theta_lat,time,zenith
0,565.5637056477427,81.7980546875,79.08024597167969,206.14422607421875,330.7677917480469,-35.00419235229492,79.40864016084706,100.59135983915294,66.08484649658203,258029717.73846626,100.91975402832031
1,541.6653871626185,10.363533203125,77.80400848388672,160.14939880371094,220.78933715820312,-35.004661560058594,77.62814815301797,102.37185184698203,67.33909606933594,258077913.30725443,102.19599151611328
2,541.8760926740595,10.015017578125,77.20967864990234,168.38768005371094,133.8729705810547,-36.15129470825195,77.03826420532499,102.96173579467501,67.4829330444336,258147223.86324283,102.79032135009766
3,572.0187795621956,11.8175869140625,77.5423583984375,358.0938415527344,85.34859466552734,34.996131896972656,78.00695464719983,101.99304535280017,67.67928314208984,258288162.902026,102.4576416015625
4,564.1524250472511,10.7609111328125,79.03958129882812,357.7194519042969,89.70513916015625,35.00119400024414,79.33819746732512,100.66180253267488,67.18291473388672,258323311.23488504,100.96041870117188
5,565.7077856485209,10.1487724609375,68.18748474121094,17.807723999023438,340.37188720703125,42.51081466674805,68.51891901839473,111.48108098160527,69.04660034179688,258413736.6402888,111.81251525878906
6,567.4052358849847,10.5396064453125,67.95628356933594,17.350799560546875,359.9909362792969,43.689456939697266,68.32353404650911,111.67646595349089,68.33525848388672,258413821.8532136,112.04371643066406
7,568.4458634809488,10.6012294921875,67.91194915771484,13.350828170776367,19.237483978271484,43.017112731933594,68.30115687716287,111.69884312283713,69.42298889160156,258413892.5250691,112.08805084228516
8,545.2372001708782,49.239515625,68.16978454589844,160.80104064941406,174.3354034423828,-43.791542053222656,68.06928946950397,111.93071053049603,68.23393249511719,258433943.9341584,111.83021545410156
