,altitude_km,energy_gev,nadir,phi_earth,phi_lat,rocking_angle,shifted_nadir,shifted_zenith,theta_lat,time,zenith
0,559.4111854014476,10.112748046875,76.19134521484375,175.32960510253906,249.90530395507812,-34.99882507324219,76.3899212268143,103.6100787731857,68.80207061767578,268230767.8493989,103.80865478515625
1,540.2365326465534,10.6961484375,77.5985107421875,330.56646728515625,326.9360656738281,34.99759292602539,77.39250158102978,102.60749841897022,67.4329605102539,268487299.23963964,102.4014892578125
2,558.0783063300281,256.21390625,79.49272155761719,45.164512634277344,9.99031925201416,35.00250244140625,79.66317382118078,100.33682617881922,69.68888092041016,268581091.56703925,100.50727844238281
3,545.0783394551956,26.84035546875,79.25615692138672,354.2370300292969,336.91943359375,35.00643539428711,79.15230988389135,100.84769011610865,66.27552795410156,268637165.0580334,100.74384307861328
4,550.3749642016347,105.7450234375,78.60835266113281,348.2208251953125,6.985511302947998,35.00739288330078,78.6162644057873,101.3837355942127,66.4590072631836,268648972.03662294,101.39164733886719
5,539.4230508243406,59.45962890625,78.05396270751953,136.78036499023438,145.72381591796875,-34.998294830322266,77.83078907991312,102.16921092008688,68.87444305419922,268745479.36163396,101.94603729248047
