,altitude_km,energy_gev,nadir,phi_earth,phi_lat,rocking_angle,shifted_nadir,shifted_zenith,theta_lat,time,zenith
0,564.0283467651744,21.4825234375,79.92819213867188,168.33505249023438,279.9808349609375,-34.99834060668945,80.22419025541706,99.77580974458294,65.11646270751953,243526868.0490438,100.07180786132812
1,551.8900988433579,10.4802275390625,79.99364471435547,130.77102661132812,337.4427490234375,-34.99702072143555,80.03352579995033,99.96647420004967,68.73593139648438,243606375.35518172,100.00635528564453
2,550.801141992056,38.86102734375,77.00288391113281,140.2394561767578,330.1907653808594,-34.99711990356445,77.01978800716519,102.98021199283481,69.4499740600586,243640728.15164733,102.99711608886719
3,564.6919154200474,169.76234375,79.96881866455078,149.68869018554688,300.72381591796875,-35.000450134277344,80.27881807991378,99.72118192008622,69.51338958740234,243641672.18915242,100.03118133544922
