,altitude_km,energy_gev,nadir,phi_earth,phi_lat,rocking_angle,shifted_nadir,shifted_zenith,theta_lat,time,zenith
0,558.99357042414,21.523939453125,79.76393127441406,351.8064270019531,113.00704193115234,34.999855041503906,79.95369561036341,100.04630438963659,66.60336303710938,250939630.369261,100.23606872558594
1,543.3120238735675,11.78106640625,76.44166564941406,31.000940322875977,187.41448974609375,35.00992965698242,76.30054935314634,103.69945064685366,68.94160461425781,251033331.8261861,103.55833435058594
2,549.1695086533117,11.4263935546875,79.1233901977539,194.22235107421875,50.58772277832031,-35.124664306640625,79.10586683033878,100.89413316966122,65.89643096923828,251046035.22441962,100.8766098022461
3,542.08887202094,15.8456279296875,77.82475280761719,215.64085388183594,44.86399459838867,-33.7336540222168,77.65782800725903,102.34217199274097,68.66342163085938,251085060.66517472,102.17524719238281
4,541.5912531049488,12.3359970703125,78.60466766357422,198.81976318359375,68.88429260253906,-34.99767303466797,78.42724310408863,101.57275689591137,66.62821960449219,251131435.15235484,101.39533233642578
5,558.8018152896035,11.78262890625,79.63867950439453,165.79022216796875,313.0964660644531,-34.99601364135742,79.82439780700517,100.17560219299483,65.96023559570312,251139940.94660202,100.36132049560547
6,560.0136768274137,10.2303427734375,78.79751586914062,150.37313842773438,323.232177734375,-34.998390197753906,79.00880445019905,100.99119554980095,66.41041564941406,251186101.13381854,101.20248413085938
