,altitude_km,energy_gev,nadir,phi_earth,phi_lat,rocking_angle,shifted_nadir,shifted_zenith,theta_lat,time,zenith
0,545.4204424468569,63.6031640625,79.2828140258789,26.99078941345215,306.6228332519531,35.002220153808594,79.18618536150758,100.81381463849242,68.02909088134766,253077866.3721112,100.7171859741211
1,545.7775977619135,30.836744140625,67.9468765258789,10.723849296569824,320.96710205078125,40.95157241821289,67.85778383865528,112.14221616134472,69.30657196044922,253284224.79191732,112.0531234741211
2,570.0993971899502,26.960505859375,76.2679214477539,160.45091247558594,260.3044128417969,-34.99421691894531,76.69201872846186,103.30798127153814,69.95807647705078,253327016.75664663,103.7320785522461
3,551.7343703602548,10.630572265625,78.946044921875,347.6967468261719,275.49505615234375,34.998130798339844,78.98264013647638,101.01735986352362,66.05369567871094,253369538.57740018,101.053955078125
4,563.4941467024096,11.5759521484375,77.92131805419922,143.79283142089844,184.30471801757812,-35.002784729003906,78.20604454962006,101.79395545037994,68.05390167236328,253408079.38439834,102.07868194580078
5,568.9229634895038,21.350908203125,77.21025085449219,7.987597465515137,114.42609405517578,35.004207611083984,77.60952538412072,102.39047461587928,69.32378387451172,253424585.4460158,102.78974914550781
6,543.7103961964483,14.7823017578125,77.08858489990234,0.7879391312599182,347.80499267578125,41.014217376708984,76.9558742596474,103.0441257403526,64.63507843017578,253479351.36963803,102.91141510009766
7,539.544963370088,12.5107001953125,75.39772033691406,197.3655242919922,358.3852844238281,-34.99542236328125,75.17711906402292,104.82288093597708,69.8534164428711,253542925.76777315,104.60227966308594
8,541.588079002678,10.996310546875,69.14181518554688,35.10615921020508,343.9011535644531,41.25189208984375,68.96432365250338,111.03567634749662,69.38558197021484,253628626.73519668,110.85818481445312
