,altitude_km,energy_gev,nadir,phi_earth,phi_lat,rocking_angle,shifted_nadir,shifted_zenith,theta_lat,time,zenith
0,543.1270160829093,36.0028984375,78.33411407470703,2.916489601135254,347.00921630859375,35.008785247802734,78.18909411405642,101.81090588594358,69.09066772460938,262177149.60419968,101.66588592529297
1,545.4523417399308,10.983705078125,78.56578826904297,31.009361267089844,349.84423828125,35.003211975097656,78.46983267975551,101.53016732024449,66.98011779785156,262188966.5465605,101.43421173095703
2,550.7653023424413,14.989443359375,75.9287109375,26.6173038482666,270.9814758300781,35.26142501831055,75.94485881692552,104.05514118307448,68.98297119140625,262279566.2833353,104.0712890625
3,548.6952374088255,11.6514794921875,79.10559844970703,161.74810791015625,265.5818176269531,-35.0003662109375,79.07806795903325,100.92193204096675,66.03360748291016,262460157.3717224,100.89440155029297
4,548.5426134335675,19.535234375,78.4104232788086,345.6354064941406,87.1278076171875,35.00147247314453,78.37967242225686,101.62032757774314,66.98614501953125,262477187.06474665,101.5895767211914
5,549.4868377245086,19.53602734375,77.90660858154297,331.9604797363281,124.5036849975586,35.00068283081055,77.8957808575301,102.1042191424699,67.22190856933594,262592536.3546168,102.09339141845703
6,553.102371644283,23.92638671875,79.8274154663086,216.0659942626953,336.01983642578125,-35.003116607666016,79.89287550800296,100.10712449199704,68.8601303100586,262596220.7779059,100.1725845336914
