,altitude_km,energy_gev,nadir,phi_earth,phi_lat,rocking_angle,shifted_nadir,shifted_zenith,theta_lat,time,zenith
0,562.8275192733427,21.983677734375,78.49072265625,180.71115112304688,83.17353057861328,-34.99810028076172,78.76138331291753,101.23861668708247,67.25289154052734,245766873.8753719,101.50927734375
1,548.5967002659416,10.95097265625,79.62531280517578,184.5276336669922,313.4533386230469,-35.0018424987793,79.59570318078715,100.40429681921285,65.97567749023438,245775265.06584856,100.37468719482422
2,556.2129814952384,23.203041015625,79.99894714355469,155.98321533203125,307.4737243652344,-34.999237060546875,80.13004105310422,99.86995894689578,68.11700439453125,245798734.20402372,100.00105285644531
3,548.3404918580451,16.855220703125,67.66307830810547,176.77804565429688,48.11947250366211,-43.9143180847168,67.62806268631022,112.37193731368978,69.54126739501953,245808230.46119922,112.33692169189453
