,altitude_km,energy_gev,nadir,phi_earth,phi_lat,rocking_angle,shifted_nadir,shifted_zenith,theta_lat,time,zenith
0,566.3700914950165,11.969556640625,79.91661834716797,29.047718048095703,132.1915283203125,35.001522064208984,80.26202727771282,99.73797272228718,65.8687973022461,252472596.22720432,100.08338165283203
1,543.2028238919181,14.88559765625,79.17129516601562,331.64056396484375,340.75421142578125,34.9985466003418,79.0278747501351,100.9721252498649,66.50177764892578,252481223.1788808,100.82870483398438
2,555.420450117753,37.17438671875,76.6400146484375,13.98862075805664,94.31172180175781,35.00182342529297,76.75438614592208,103.24561385407792,68.91630554199219,252528744.19820467,103.3599853515625
3,544.6846099701894,11.71576171875,79.39340209960938,146.54844665527344,47.932273864746094,-35.00337600708008,79.28124736998038,100.71875263001962,67.73822021484375,252532926.39767915,100.60659790039062
4,570.2479569558784,10.098521484375,79.8521957397461,206.2720184326172,173.9578399658203,-34.99763488769531,80.27942763151513,99.72057236848487,67.10847473144531,252627687.61168543,100.1478042602539
5,548.5471185069265,18.182791015625,79.67630004882812,130.3379364013672,128.51779174804688,-34.99774169921875,79.64564424932428,100.35435575067572,68.75878143310547,252674900.44255587,100.32369995117188
6,546.2250828803276,13.6089423828125,80.0628662109375,197.28485107421875,331.205322265625,-34.99764633178711,79.98321545971241,100.01678454028759,64.980224609375,252889066.70511383,99.9371337890625
7,550.2517494875727,19.360359375,76.70535278320312,187.35455322265625,299.3348083496094,-35.00019073486328,76.71066469739091,103.28933530260909,69.9427719116211,252912900.87115127,103.29464721679688
8,569.7711803200863,186.24278125,78.8678207397461,8.769296646118164,163.8172149658203,35.00096893310547,79.28499264449991,100.71500735550009,68.29166412353516,252966345.03937986,101.1321792602539
