,altitude_km,energy_gev,nadir,phi_earth,phi_lat,rocking_angle,shifted_nadir,shifted_zenith,theta_lat,time,zenith
0,559.6821213039649,10.0178515625,77.60401153564453,153.6833038330078,357.3531494140625,-35.00212860107422,77.8083042951582,102.1916957048418,68.29719543457031,248287640.11611015,102.39598846435547
1,558.8695779911967,11.6164599609375,79.85147857666016,184.51937866210938,40.41905212402344,-35.00358200073242,80.0386266722744,99.9613733277256,69.83175659179688,248412814.3576491,100.14852142333984
2,560.3075905543882,11.6780576171875,79.49365997314453,195.57286071777344,86.3000259399414,-34.995452880859375,79.71115013384212,100.28884986615788,69.62509155273438,248417431.80485016,100.50634002685547
3,544.7325213215244,11.3927783203125,78.9569091796875,17.58635711669922,91.35871124267578,35.00218200683594,78.84576537957166,101.15423462042834,66.31180572509766,248512631.03920648,101.0430908203125
4,555.733191934389,12.810703125,78.59516143798828,316.3686828613281,282.7578125,35.00104904174805,78.71613178780389,101.28386821219611,69.24256896972656,248595398.372494,101.40483856201172
5,555.7876008159485,10.3894755859375,79.13826751708984,178.0005645751953,314.0378723144531,-35.00007247924805,79.26038589430635,100.73961410569365,67.77517700195312,248678328.8554749,100.86173248291016
